Price,Bedrooms,Bathrooms,Floor Area,Land Area,Region
9500000.0,4.0,3.0,144.0,136.0,Region IV-A
4400000.0,3.0,2.0,63.2,80.0,Region III
7810000.0,5.0,3.0,100.0,110.0,Region III
3275000.0,2.0,1.0,40.32,78.4,Region XI
1800000.0,2.0,2.0,52.0,40.0,Region III
8428000.0,5.0,3.0,142.0,121.0,Region III
3565000.0,2.0,1.0,46.0,63.0,Region V
28650000.0,3.0,3.0,219.3,90.0,NCR
3500000.0,3.0,2.0,102.39,154.0,Region III
5300000.0,3.0,2.0,70.27,67.0,Region XI
1800000.0,2.0,1.0,46.0,41.0,Region III
7337000.0,4.0,3.0,85.0,99.0,Region III
45001005.0,6.0,5.0,337.0,350.0,NCR
4080345.0,3.0,2.0,52.0,80.0,Region I
10082000.0,5.0,3.0,142.0,176.0,Region III
1800000.0,2.0,1.0,46.0,41.0,Region III
7500000.0,4.0,3.0,119.0,150.0,Region IV-A
2292960.0,3.0,1.0,40.0,40.0,Region IV-A
5251000.0,2.0,2.0,53.0,88.0,Region III
2258057.0,3.0,1.0,45.0,62.0,Region IV-A
11757000.0,5.0,3.0,166.0,176.0,Region III
1400000.0,2.0,1.0,40.0,40.0,Region III
5300000.0,3.0,2.0,70.27,67.0,Region XI
32342000.0,3.0,3.0,247.4,93.0,NCR
26393000.0,3.0,3.0,219.3,91.0,NCR
2389000.0,3.0,1.0,50.0,50.0,Region IV-A
12772000.0,5.0,3.0,166.0,246.0,Region III
9500000.0,4.0,3.0,144.0,136.0,Region IV-A
4400000.0,3.0,2.0,63.2,80.0,Region III
7810000.0,5.0,3.0,100.0,110.0,Region III
3275000.0,2.0,1.0,40.32,78.4,Region XI
1800000.0,2.0,2.0,52.0,40.0,Region III
8428000.0,5.0,3.0,142.0,121.0,Region III
3565000.0,2.0,1.0,46.0,63.0,Region V
28650000.0,3.0,3.0,219.3,90.0,NCR
3500000.0,3.0,2.0,102.39,154.0,Region III
5300000.0,3.0,2.0,70.27,67.0,Region XI
1800000.0,2.0,1.0,46.0,41.0,Region III
7337000.0,4.0,3.0,85.0,99.0,Region III
45001005.0,6.0,5.0,337.0,350.0,NCR
4080345.0,3.0,2.0,52.0,80.0,Region I
3336800.0,4.0,2.0,70.0,60.0,Region IV-A
10082000.0,5.0,3.0,142.0,176.0,Region III
1800000.0,2.0,1.0,46.0,41.0,Region III
7500000.0,4.0,3.0,119.0,150.0,Region IV-A
2292960.0,3.0,1.0,40.0,40.0,Region IV-A
5251000.0,2.0,2.0,53.0,88.0,Region III
11757000.0,5.0,3.0,166.0,176.0,Region III
2258057.0,3.0,1.0,45.0,62.0,Region IV-A
1400000.0,2.0,1.0,40.0,40.0,Region III
5300000.0,3.0,2.0,70.27,67.0,Region XI
26393000.0,3.0,3.0,219.3,91.0,NCR
32342000.0,3.0,3.0,247.4,93.0,NCR
2389000.0,3.0,1.0,50.0,50.0,Region IV-A
5234791.0,3.0,2.0,75.0,112.0,Region IV-A
12069000.0,5.0,3.0,142.0,176.0,Region III
3267000.0,2.0,2.0,76.18,66.0,Region IV-A
2292960.0,3.0,1.0,40.0,40.0,Region IV-A
12902000.0,5.0,3.0,166.0,176.0,Region III
6379520.0,4.0,3.0,100.0,120.0,Region I
1979000.0,2.0,1.0,38.88,41.4,Region III
1675000.0,1.0,1.0,44.0,40.0,Region III
1675000.0,1.0,1.0,44.0,40.0,Region III
2605000.0,2.0,1.0,42.0,54.0,Region III
7021000.0,4.0,2.0,82.0,120.0,Region VII
2747500.0,3.0,2.0,78.54,154.0,Region III
32184000.0,3.0,3.0,247.4,92.0,NCR
7798000.0,4.0,3.0,85.0,110.0,Region III
6756360.0,4.0,3.0,110.0,100.0,Region IV-A
2706500.0,3.0,2.0,62.0,65.0,Region III
2389000.0,3.0,1.0,50.0,50.0,Region IV-A
13500000.0,3.0,2.0,140.0,240.0,NCR
7410000.0,4.0,3.0,100.0,120.0,Region IV-A
5900000.0,3.0,6.0,232.89,200.0,Region III
4113000.0,3.0,2.0,72.0,88.0,Region III
31706000.0,3.0,3.0,247.4,92.0,NCR
1675000.0,1.0,1.0,44.0,40.0,Region III
28804000.0,3.0,3.0,219.3,91.0,NCR
6650000.0,3.0,2.0,84.0,120.0,Region IV-A
1800000.0,2.0,1.0,46.0,41.0,Region III
28678000.0,3.0,3.0,219.3,91.0,NCR
1837500.0,2.0,2.0,52.5,154.0,Region III
27676000.0,3.0,3.0,219.3,91.0,NCR
4000000.0,2.0,1.0,53.0,52.0,Region IV-A
2632250.0,3.0,2.0,60.0,50.0,Region IV-A
5337920.0,4.0,2.0,80.0,120.0,Region I
2292960.0,3.0,1.0,40.0,40.0,Region IV-A
4337472.0,3.0,2.0,112.5,72.0,Region IV-A
4337472.0,3.0,2.0,112.5,72.0,Region IV-A
2178000.0,2.0,1.0,44.0,36.0,Region III
3600000.0,2.0,2.0,48.26,50.0,Region XI
2839149.0,3.0,1.0,45.0,62.0,Region IV-A
2632250.0,3.0,2.0,60.0,50.0,Region IV-A
3336800.0,4.0,2.0,70.0,60.0,Region IV-A
2705850.0,3.0,2.0,77.31,154.0,Region III
1400000.0,2.0,1.0,40.0,40.0,Region III
21500000.0,5.0,4.0,300.0,200.0,Region XI
5282600.0,3.0,2.0,80.0,92.0,Region IV-A
5381000.0,3.0,2.0,80.0,203.0,Region III
2258057.0,3.0,1.0,45.0,62.0,Region IV-A
5991000.0,3.0,2.0,66.0,99.0,Region III
3600000.0,2.0,2.0,48.26,50.0,Region XI
2972000.0,2.0,1.0,40.0,36.0,Region III
1400000.0,2.0,1.0,40.0,40.0,Region III
7315000.0,4.0,3.0,83.0,99.0,Region III
5278000.0,4.0,3.0,91.0,143.0,Region III
3970000.0,2.0,2.0,59.0,88.0,Region III
1979000.0,2.0,1.0,40.39,43.2,Region III
3148800.0,2.0,1.0,37.3,70.0,Region IV-A
8434000.0,5.0,3.0,100.0,158.0,Region III
3979000.0,2.0,2.0,59.0,88.0,Region III
5978000.0,3.0,3.0,90.0,100.0,Region IV-A
2706500.0,3.0,2.0,62.0,65.0,Region III
10501000.0,4.0,3.0,83.0,217.0,Region III
6650000.0,3.0,2.0,84.0,120.0,Region IV-A
5978000.0,3.0,3.0,90.0,100.0,Region IV-A
5234791.0,3.0,2.0,75.0,112.0,Region IV-A
10748000.0,5.0,3.0,166.0,143.0,Region III
26365000.0,3.0,3.0,219.3,90.0,NCR
3025000.0,2.0,1.0,36.0,42.0,Region III
28348000.0,3.0,3.0,219.3,105.0,NCR
9500000.0,4.0,4.0,132.0,66.0,Region IV-A
5705000.0,2.0,2.0,53.0,99.0,Region III
5174000.0,2.0,1.0,46.0,96.0,Region III
2341000.0,1.0,1.0,33.0,70.0,Region III
10413000.0,3.0,2.0,76.0,128.0,Region III
5179000.0,2.0,1.0,46.0,60.0,Region III
6005000.0,2.0,2.0,53.0,88.0,Region III
6200000.0,3.0,2.0,66.0,99.0,Region III
4454000.0,2.0,1.0,40.0,63.0,Region III
4458000.0,2.0,1.0,46.0,63.0,Region III
8915000.0,3.0,2.0,66.0,121.0,Region III
4270000.0,2.0,1.0,46.0,63.0,Region III
4263000.0,2.0,1.0,40.0,63.0,Region III
7503000.0,4.0,3.0,83.0,99.0,Region III
8915000.0,3.0,2.0,66.0,121.0,Region III
4458000.0,2.0,1.0,46.0,63.0,Region III
4454000.0,2.0,1.0,40.0,63.0,Region III
5174000.0,2.0,1.0,46.0,96.0,Region III
4633000.0,2.0,1.0,46.0,60.0,Region III
26393000.0,3.0,3.0,219.3,91.0,NCR
4710000.0,2.0,2.0,72.0,121.0,Region III
2683000.0,2.0,1.0,40.31,50.4,Region VII
28348000.0,3.0,3.0,219.3,105.0,NCR
28376000.0,3.0,3.0,219.3,106.0,NCR
6286000.0,3.0,2.0,66.0,110.0,Region I
6810000.0,3.0,2.0,66.0,146.0,Region III
6756360.0,4.0,3.0,110.0,100.0,Region IV-A
33792000.0,3.0,3.0,247.4,93.0,NCR
26393000.0,3.0,3.0,219.3,91.0,NCR
5700000.0,4.0,3.0,90.0,78.0,Region IV-A
32539000.0,3.0,3.0,247.4,93.0,NCR
28348000.0,3.0,3.0,219.3,105.0,NCR
28776000.0,3.0,3.0,219.3,90.0,NCR
4872000.0,2.0,1.0,50.0,88.0,Region III
6319000.0,3.0,2.0,66.0,99.0,Region III
4315000.0,2.0,1.0,46.0,72.0,Region III
7907000.0,3.0,2.0,66.0,150.0,Region III
7421000.0,5.0,3.0,100.0,121.0,Region III
6087000.0,4.0,3.0,83.0,99.0,Region III
9500000.0,4.0,4.0,132.0,66.0,Region IV-A
28572000.0,3.0,3.0,219.3,103.0,NCR
5776000.0,3.0,2.0,66.0,88.0,Region III
26365000.0,3.0,3.0,219.3,90.0,NCR
3190000.0,3.0,2.0,60.0,80.0,Region III
8277000.0,3.0,2.0,66.0,162.0,Region III
4480180.0,2.0,1.0,40.0,88.0,Region XIII
2224500.0,2.0,1.0,50.0,65.0,Region III
31348000.0,3.0,3.0,247.4,92.0,NCR
9584000.0,5.0,3.0,142.0,132.0,Region III
7618000.0,5.0,3.0,100.0,110.0,Region III
4383000.0,2.0,1.0,40.0,63.0,Region III
7340000.0,4.0,3.0,83.0,146.0,Region III
8000000.0,3.0,2.0,84.0,84.0,Region III
34016000.0,3.0,3.0,247.4,93.0,NCR
2389000.0,3.0,1.0,50.0,50.0,Region IV-A
4928000.0,3.0,1.0,65.0,116.0,Region IV-A
4006000.0,2.0,1.0,53.0,52.0,Region IV-A
10956000.0,5.0,3.0,166.0,143.0,Region III
8686000.0,4.0,3.0,85.0,141.0,Region III
3230000.0,2.0,1.0,36.0,65.0,Region III
5772000.0,2.0,2.0,53.0,89.0,Region III
8732000.0,5.0,3.0,142.0,121.0,Region III
10863000.0,4.0,3.0,85.0,204.0,Region III
2793000.0,2.0,1.0,36.0,42.0,Region III
3309000.0,2.0,1.0,36.0,63.0,Region III
6650000.0,3.0,2.0,66.0,110.0,Region III
5079000.0,2.0,2.0,53.0,88.0,Region III
2698000.0,2.0,1.0,36.0,40.0,Region III
10692000.0,5.0,3.0,97.0,121.0,Region III
4263000.0,2.0,1.0,40.0,60.0,Region III
9500000.0,4.0,4.0,132.0,66.0,Region IV-A
28090000.0,3.0,3.0,219.3,90.0,NCR
7021000.0,4.0,2.0,82.0,120.0,Region VII
5183808.0,3.0,2.0,75.26,80.0,Region III
6924000.0,3.0,2.0,66.0,99.0,Region III
2839149.0,3.0,1.0,45.0,62.0,Region IV-A
43000000.0,4.0,3.0,400.0,350.0,NCR
13000000.0,4.0,2.0,219.0,120.0,NCR
3302000.0,2.0,1.0,40.0,42.0,Region III
4389000.0,2.0,2.0,53.0,70.0,Region VII
11245000.0,5.0,3.0,142.0,176.0,Region III
5282600.0,3.0,2.0,80.0,92.0,Region IV-A
6754000.0,3.0,2.0,66.0,99.0,Region III
10746000.0,3.0,3.0,115.0,121.0,Region IV-A
3198000.0,3.0,2.0,60.0,100.0,Region I
4678200.0,2.0,1.0,62.8,88.0,Region IV-A
27088000.0,3.0,3.0,219.3,90.0,NCR
8237000.0,3.0,2.0,66.0,141.0,Region I
4470800.0,2.0,1.0,40.31,85.0,Region IV-A
5690000.0,3.0,2.0,72.0,100.0,Region IV-A
12684000.0,5.0,3.0,142.0,174.0,Region IV-A
6756360.0,4.0,3.0,110.0,100.0,Region IV-A
28216000.0,3.0,3.0,219.3,90.0,NCR
31111000.0,3.0,3.0,247.4,92.0,NCR
31111000.0,3.0,3.0,247.4,92.0,NCR
26953000.0,3.0,3.0,219.3,91.0,NCR
32539000.0,3.0,3.0,247.4,93.0,NCR
34604000.0,3.0,3.0,247.4,94.0,NCR
26365000.0,3.0,3.0,219.3,90.0,NCR
26365000.0,3.0,3.0,219.3,90.0,NCR
32568000.0,3.0,3.0,247.4,92.0,NCR
5183808.0,3.0,2.0,75.26,80.0,Region III
3528200.0,2.0,1.0,40.31,84.0,Region VII
8463000.0,5.0,3.0,100.0,163.0,Region III
3790000.0,2.0,1.0,40.0,73.0,Region III
6060000.0,3.0,2.0,66.0,95.0,Region III
4058400.0,3.0,2.0,54.0,80.0,Region IV-A
1800000.0,2.0,1.0,46.0,41.0,Region III
8938000.0,5.0,3.0,97.0,145.0,Region III
7056000.0,4.0,3.0,83.0,99.0,Region III
12383000.0,5.0,3.0,166.0,198.0,Region III
11510000.0,5.0,3.0,142.0,202.0,Region III
5406000.0,2.0,2.0,53.0,88.0,Region III
2742000.0,2.0,1.0,36.0,42.0,Region III
10159000.0,5.0,3.0,100.0,176.0,Region III
8228000.0,5.0,3.0,100.0,121.0,Region III
2871000.0,2.0,1.0,36.0,48.0,Region III
5049000.0,2.0,2.0,53.0,50.0,Region VII
3066000.0,2.0,1.0,36.0,63.0,Region III
7650000.0,5.0,3.0,100.0,121.0,Region III
9153000.0,5.0,3.0,100.0,141.0,Region III
4787000.0,2.0,1.0,46.0,64.0,Region III
6497000.0,3.0,2.0,66.0,99.0,Region III
5031000.0,2.0,1.0,50.0,99.0,Region III
5692000.0,4.0,2.0,80.0,100.0,Region IV-A
4058400.0,3.0,2.0,54.0,80.0,Region IV-A
4896200.0,3.0,2.0,81.0,117.0,Region III
9185000.0,5.0,3.0,142.0,153.0,Region III
5692000.0,4.0,2.0,80.0,100.0,Region IV-A
1650408.0,2.0,1.0,44.0,36.0,Region IV-A
7650000.0,5.0,3.0,100.0,121.0,Region III
9153000.0,5.0,3.0,100.0,141.0,Region III
6497000.0,3.0,2.0,66.0,99.0,Region III
4787000.0,2.0,1.0,46.0,64.0,Region III
10575000.0,5.0,3.0,166.0,143.0,Region III
4259000.0,2.0,1.0,46.0,54.0,Region III
5425000.0,2.0,2.0,53.0,88.0,Region III
3146000.0,2.0,1.0,36.0,63.0,Region III
2799000.0,2.0,1.0,36.0,36.0,Region III
7240000.0,3.0,2.0,53.0,133.0,Region III
4348000.0,2.0,1.0,40.0,63.0,Region III
4389000.0,2.0,2.0,53.0,50.0,Region VII
5578000.0,2.0,2.0,53.0,95.0,Region III
8727000.0,3.0,2.0,66.0,158.0,Region I
5301000.0,3.0,2.0,66.0,88.0,Region I
9375000.0,3.0,2.0,66.0,174.0,Region I
1979000.0,2.0,1.0,38.88,43.2,Region III
32539000.0,3.0,3.0,247.4,93.0,NCR
31348000.0,3.0,3.0,247.4,92.0,NCR
32514000.0,3.0,3.0,247.4,92.0,NCR
32539000.0,3.0,3.0,247.4,93.0,NCR
32331000.0,3.0,3.0,247.4,94.0,NCR
32184000.0,3.0,3.0,247.4,92.0,NCR
32539000.0,3.0,3.0,247.4,93.0,NCR
34016000.0,3.0,3.0,247.4,93.0,NCR
34016000.0,3.0,3.0,247.4,93.0,NCR
32331000.0,3.0,3.0,247.4,94.0,NCR
32539000.0,3.0,3.0,247.4,93.0,NCR
27088000.0,3.0,3.0,219.3,90.0,NCR
27088000.0,3.0,3.0,219.3,90.0,NCR
31706000.0,3.0,3.0,247.4,92.0,NCR
26365000.0,3.0,3.0,219.3,90.0,NCR
27676000.0,3.0,3.0,219.3,91.0,NCR
29098000.0,3.0,3.0,219.3,106.0,NCR
34016000.0,3.0,3.0,247.4,93.0,NCR
4866000.0,2.0,2.0,53.0,88.0,Region III
11871000.0,5.0,3.0,142.0,198.0,Region III
6893000.0,4.0,3.0,83.0,104.0,Region III
3999000.0,2.0,1.0,46.0,66.0,Region III
5192000.0,2.0,1.0,46.0,96.0,Region III
4488000.0,2.0,1.0,46.0,63.0,Region III
3559000.0,2.0,1.0,46.0,63.0,Region III
5605000.0,2.0,2.0,53.0,115.0,Region III
5978000.0,3.0,3.0,90.0,100.0,Region IV-A
10770000.0,5.0,3.0,166.0,176.0,Region III
11739000.0,5.0,3.0,142.0,190.0,Region III
4772388.0,3.0,2.0,80.0,203.0,Region III
7410000.0,4.0,3.0,100.0,120.0,Region IV-A
4436364.0,3.0,2.0,72.0,100.0,Region I
8700000.0,3.0,3.0,84.75,125.21,Region III
2706500.0,3.0,2.0,62.0,65.0,Region III
26953000.0,3.0,3.0,219.3,91.0,NCR
8700000.0,3.0,3.0,84.75,125.21,Region III
7452000.0,3.0,2.0,80.0,203.0,Region III
5690000.0,3.0,2.0,72.0,100.0,Region IV-A
5691000.0,2.0,2.0,53.0,110.0,Region I
13479000.0,5.0,3.0,166.0,230.0,Region III
7410000.0,4.0,3.0,100.0,120.0,Region IV-A
8434000.0,2.0,2.0,53.0,246.0,Region I
28678000.0,3.0,3.0,219.3,91.0,NCR
5772333.0,4.0,2.0,96.0,196.0,Region III
26953000.0,3.0,3.0,219.3,91.0,NCR
8700000.0,3.0,3.0,84.75,125.21,Region III
4079000.0,2.0,1.0,36.0,74.0,Region III
12576000.0,4.0,3.0,83.0,132.0,Region III
7425000.0,4.0,3.0,85.0,99.0,Region III
4414000.0,2.0,1.0,36.0,63.0,Region III
4608000.0,2.0,1.0,46.0,63.0,Region III
10185000.0,5.0,3.0,142.0,142.0,Region III
3702000.0,2.0,1.0,40.0,63.0,Region III
4432000.0,2.0,1.0,40.0,64.0,Region III
8158000.0,5.0,3.0,100.0,121.0,Region III
7764000.0,4.0,3.0,83.0,110.0,Region III
2717000.0,2.0,1.0,36.0,42.0,Region III
3228000.0,2.0,1.0,36.0,54.0,Region III
3643800.0,2.0,1.0,39.64,100.0,Region IV-A
10061000.0,5.0,3.0,166.0,143.0,Region III
8608000.0,5.0,3.0,100.0,132.0,Region III
10354000.0,5.0,3.0,142.0,143.0,Region III
8086000.0,4.0,3.0,85.0,120.0,Region III
5779000.0,2.0,2.0,53.0,96.0,Region III
12866000.0,5.0,3.0,166.0,198.0,Region III
10500000.0,3.0,3.0,120.0,132.0,Region IV-A
3116400.0,3.0,2.0,89.54,154.0,Region III
12035000.0,5.0,3.0,166.0,190.0,Region III
15500000.0,2.0,1.0,60.0,185.0,Region IV-A
2089739.0,2.0,2.0,40.0,45.0,Region IV-A
3079100.0,2.0,1.0,34.2,84.0,Region IV-A
1918427.0,2.0,2.0,38.0,36.0,Region IV-A
6480000.0,4.0,3.0,83.0,110.0,Region III
8000000.0,4.0,3.0,133.5,122.0,Region XI
17500000.0,5.0,4.0,260.0,232.0,Region XI
7410000.0,4.0,3.0,100.0,120.0,Region IV-A
3649500.0,3.0,1.0,67.5,100.0,Region IV-A
4058400.0,3.0,2.0,54.0,80.0,Region IV-A
32539000.0,3.0,3.0,247.4,93.0,NCR
28628000.0,3.0,3.0,219.3,105.0,NCR
26393000.0,3.0,3.0,219.3,91.0,NCR
28090000.0,3.0,3.0,219.3,90.0,NCR
26953000.0,3.0,3.0,219.3,91.0,NCR
29196000.0,3.0,3.0,219.3,105.0,NCR
28636000.0,3.0,3.0,219.3,105.0,NCR
32539000.0,3.0,3.0,247.4,93.0,NCR
26981000.0,3.0,3.0,219.3,92.0,NCR
2089739.0,2.0,2.0,40.0,45.0,Region IV-A
5234791.0,3.0,2.0,75.0,80.0,Region IV-A
7805000.0,4.0,3.0,83.0,121.0,Region III
4359000.0,2.0,1.0,46.0,72.0,Region III
4057000.0,2.0,1.0,40.0,63.0,Region III
5869000.0,3.0,2.0,66.0,88.0,Region III
8079000.0,4.0,3.0,85.0,121.0,Region III
4944000.0,2.0,1.0,36.0,115.0,Region III
3136800.0,2.0,1.0,40.31,78.4,Region VII
5234791.0,3.0,2.0,75.0,80.0,Region IV-A
6753000.0,4.0,3.0,83.0,121.0,Region III
27088000.0,3.0,3.0,219.3,90.0,NCR
12069000.0,5.0,3.0,142.0,246.0,Region III
5362000.0,2.0,2.0,53.0,88.0,Region III
8079000.0,4.0,3.0,85.0,121.0,Region III
5869000.0,3.0,2.0,66.0,88.0,Region III
7805000.0,4.0,3.0,83.0,121.0,Region III
4359000.0,2.0,1.0,46.0,72.0,Region III
5074000.0,2.0,1.0,50.0,91.0,Region III
12941000.0,5.0,3.0,166.0,236.0,Region III
4057000.0,2.0,1.0,40.0,63.0,Region III
4944000.0,2.0,1.0,36.0,115.0,Region III
2224500.0,2.0,1.0,50.0,65.0,Region III
4706000.0,2.0,2.0,53.0,88.0,Region I
3185000.0,2.0,1.0,40.31,84.0,Region IV-A
5301000.0,2.0,2.0,53.0,96.0,Region I
2146550.0,3.0,2.0,61.33,154.0,Region III
14451000.0,5.0,3.0,142.0,154.0,Region IV-A
3336800.0,4.0,2.0,70.0,60.0,Region IV-A
4196000.0,2.0,1.0,40.0,63.0,Region III
5733000.0,2.0,2.0,53.0,88.0,Region III
5544000.0,2.0,1.0,36.0,104.0,Region III
7810000.0,3.0,2.0,66.0,99.0,Region III
8298000.0,5.0,3.0,100.0,110.0,Region III
4466000.0,2.0,1.0,46.0,63.0,Region III
32184000.0,3.0,3.0,247.4,92.0,NCR
4594000.0,2.0,1.0,46.0,63.0,Region III
4160000.0,2.0,1.0,46.0,60.0,Region III
6884000.0,4.0,3.0,85.0,110.0,Region III
6262000.0,3.0,2.0,66.0,96.0,Region III
6559000.0,3.0,2.0,66.0,99.0,Region III
9003000.0,5.0,3.0,100.0,141.0,Region III
6347000.0,3.0,2.0,66.0,96.0,Region III
35000000.0,5.0,5.0,380.0,350.0,NCR
4904000.0,2.0,1.0,46.0,60.0,Region III
5282000.0,2.0,1.0,46.0,63.0,Region III
4281000.0,2.0,1.0,46.0,60.0,Region III
4364000.0,2.0,1.0,36.0,63.0,Region III
4393000.0,2.0,1.0,40.0,63.0,Region III
2450200.0,2.0,1.0,40.32,50.4,Region XI
11000000.0,3.0,3.0,442.0,283.0,Region VII
14700000.0,4.0,3.0,255.0,187.0,Region IV-A
4540000.0,2.0,1.0,36.0,98.0,Region III
4062500.0,2.0,2.0,48.26,50.0,Region I
5234791.0,3.0,2.0,75.0,80.0,Region IV-A
2530000.0,2.0,2.0,48.0,45.5,Region III
2149700.0,1.0,1.0,27.21,69.0,Region IV-A
4062500.0,2.0,2.0,48.26,50.0,Region I
14986000.0,5.0,3.0,166.0,154.0,Region IV-A
2224500.0,2.0,1.0,50.0,65.0,Region III
8897000.0,4.0,3.0,143.0,80.0,NCR
12099000.0,3.0,2.0,100.0,200.0,NCR
3340000.0,3.0,2.0,107.6,100.0,Region III
35000000.0,4.0,6.0,330.0,280.0,NCR
18771000.0,3.0,2.0,100.0,200.0,NCR
9683000.0,5.0,3.0,100.0,148.0,Region III
15450000.0,4.0,3.0,150.0,200.0,NCR
7408000.0,2.0,1.0,36.0,205.0,Region III
8500000.0,3.0,3.0,74.26,80.0,Region XI
30000000.0,3.0,3.0,337.0,312.0,NCR
8229000.0,4.0,3.0,85.0,121.0,Region III
1496900.0,1.0,1.0,27.21,60.0,Region IV-A
9841000.0,5.0,3.0,150.0,150.0,Region IV-A
1675000.0,1.0,1.0,44.0,40.0,Region III
17890000.0,4.0,3.0,246.0,121.0,Region IV-A
18287829.0,3.0,3.0,176.0,79.0,NCR
5183808.0,3.0,2.0,75.26,80.0,Region III
6249000.0,3.0,2.0,66.0,118.0,Region III
18000000.0,4.0,3.0,382.0,192.0,NCR
5442000.0,2.0,2.0,53.0,96.0,Region I
6346000.0,3.0,2.0,66.0,104.0,Region III
7367000.0,3.0,2.0,103.0,132.0,Region IV-A
6311000.0,5.0,3.0,107.0,141.0,Region III
5706000.0,3.0,2.0,66.0,99.0,Region III
6650000.0,3.0,2.0,84.0,120.0,Region IV-A
3984000.0,2.0,1.0,46.0,74.0,Region III
110000000.0,12.0,12.0,1200.0,1000.0,NCR
19500000.0,3.0,3.0,183.0,110.0,NCR
18000000.0,6.0,4.0,244.0,158.0,Region IV-A
10900000.0,5.0,3.0,180.0,120.0,Region IV-A
7201000.0,4.0,3.0,83.0,110.0,Region III
4000000.0,3.0,2.0,60.0,247.0,Region I
6728000.0,3.0,2.0,66.0,99.0,Region I
8116000.0,4.0,3.0,83.0,121.0,Region I
2688000.0,2.0,1.0,50.0,60.0,Region IV-A
5282600.0,3.0,2.0,80.0,92.0,Region IV-A
16884800.0,5.0,3.0,195.0,240.0,NCR
11576000.0,5.0,3.0,166.0,154.0,Region I
10793502.0,5.0,3.0,166.0,143.0,Region VII
3900000.0,2.0,1.0,40.0,66.0,Region III
6728000.0,3.0,2.0,66.0,99.0,Region I
3957188.0,2.0,2.0,75.0,135.0,Region III
5295000.0,3.0,1.0,102.0,63.0,Region III
2250000.0,2.0,1.0,56.0,54.0,Region I
6079000.0,3.0,2.0,66.0,121.0,Region I
8271000.0,3.0,2.0,66.0,142.0,Region I
8158000.0,3.0,2.0,66.0,117.0,Region I
7474000.0,3.0,2.0,66.0,121.0,Region I
9431000.0,4.0,3.0,83.0,157.0,Region I
6928000.0,4.0,3.0,85.0,110.0,Region I
10653000.0,5.0,3.0,142.0,154.0,Region I
9987000.0,5.0,3.0,142.0,132.0,Region I
7755000.0,5.0,3.0,100.0,145.0,Region I
11576000.0,5.0,3.0,166.0,154.0,Region I
10022000.0,5.0,3.0,142.0,133.0,Region I
1740000.0,1.0,1.0,29.16,70.0,Region IV-A
5465000.0,3.0,2.0,66.0,89.0,Region I
7685000.0,3.0,2.0,66.0,125.0,Region I
6796000.0,3.0,2.0,66.0,101.0,Region I
6762000.0,3.0,2.0,66.0,100.0,Region I
6007000.0,3.0,2.0,66.0,100.0,Region I
10017000.0,4.0,3.0,83.0,174.0,Region I
9671000.0,4.0,3.0,85.0,246.0,Region I
8259000.0,4.0,3.0,85.0,110.0,Region I
7820000.0,4.0,3.0,85.0,99.0,Region I
1600000.0,2.0,1.0,44.0,36.0,Region IV-A
12160000.0,5.0,3.0,166.0,168.0,Region I
6721000.0,4.0,3.0,85.0,121.0,Region I
9948000.0,4.0,3.0,83.0,172.0,Region I
8914000.0,4.0,3.0,83.0,142.0,Region I
8500000.0,4.0,3.0,83.0,130.0,Region I
10050000.0,5.0,3.0,100.0,246.0,Region I
7617000.0,3.0,2.0,66.0,110.0,Region I
5896000.0,3.0,2.0,66.0,96.0,Region I
8788000.0,3.0,2.0,66.0,157.0,Region I
9306000.0,3.0,2.0,66.0,172.0,Region I
8558000.0,3.0,2.0,66.0,153.0,Region I
9029000.0,3.0,2.0,66.0,246.0,Region I
4219000.0,2.0,1.0,46.0,56.0,Region I
8879000.0,4.0,3.0,83.0,141.0,Region I
4948000.0,2.0,1.0,46.0,63.0,Region I
13459000.0,5.0,3.0,166.0,174.0,Region I
10367000.0,5.0,3.0,142.0,143.0,Region I
11940000.0,5.0,3.0,142.0,157.0,Region I
9370000.0,4.0,3.0,83.0,158.0,Region I
8116000.0,4.0,3.0,83.0,121.0,Region I
7857000.0,3.0,2.0,66.0,130.0,Region I
6728000.0,3.0,2.0,66.0,99.0,Region I
8202000.0,3.0,2.0,66.0,140.0,Region I
11286000.0,5.0,3.0,142.0,143.0,Region I
11483000.0,5.0,3.0,166.0,174.0,Region I
10987000.0,5.0,3.0,142.0,161.0,Region I
8845000.0,4.0,3.0,83.0,140.0,Region I
8328000.0,4.0,3.0,83.0,125.0,Region I
4998000.0,2.0,1.0,46.0,63.0,Region I
24300000.0,4.0,5.0,338.0,196.0,NCR
10840000.0,3.0,3.0,140.0,240.0,NCR
6800000.0,2.0,1.0,52.0,130.0,Region IV-A
19500000.0,4.0,4.0,250.0,430.0,NCR
78000000.0,4.0,2.0,300.0,325.0,NCR
6503750.0,3.0,3.0,103.0,60.0,Region IV-A
45000000.0,6.0,6.0,600.0,600.0,NCR
6500000.0,3.0,2.0,194.0,746.0,Region I
69000000.0,3.0,4.0,370.0,807.0,Region IV-A
8700000.0,4.0,4.0,100.0,140.0,Region IV-A
55000000.0,4.0,4.0,410.0,200.0,NCR
139250000.0,5.0,5.0,337.0,557.0,NCR
200000000.0,5.0,5.0,700.0,804.0,Region V
30000000.0,4.0,4.0,302.0,250.0,Region IV-A
85000000.0,4.0,5.0,474.0,448.0,NCR
35530000.0,3.0,4.0,201.0,104.0,NCR
4032000.0,3.0,2.0,55.0,80.0,Region IV-A
19500000.0,4.0,5.0,400.0,352.0,Region IV-A
9150000.0,4.0,3.0,187.0,132.0,Region IV-A
37150000.0,3.0,3.0,208.0,240.0,NCR
9800000.0,3.0,3.0,180.0,120.0,NCR
4400000.0,3.0,2.0,110.0,201.0,Region II
89000000.0,4.0,4.0,600.0,396.0,Region IV-A
16900000.0,5.0,4.0,315.0,240.0,Region I
4307299.0,3.0,2.0,85.0,89.0,Region IV-A
10646000.0,4.0,3.0,115.0,121.0,Region IV-A
2265619.0,2.0,1.0,40.0,44.0,Region III
10900000.0,3.0,4.0,103.0,168.0,Region IV-A
10125900.0,3.0,2.0,100.0,212.0,Region IV-A
22683000.0,3.0,3.0,161.0,120.0,NCR
15000000.0,5.0,3.0,174.0,160.0,Region IV-A
9913000.0,3.0,2.0,98.0,121.0,Region IV-A
14906000.0,5.0,3.0,166.0,169.0,Region IV-A
7093000.0,2.0,2.0,53.0,99.0,Region IV-A
11500000.0,3.0,2.0,118.0,90.0,Region IV-A
4500000.0,3.0,2.0,77.0,80.0,NCR
2294060.0,3.0,1.0,62.5,50.0,Region III
5001920.0,3.0,2.0,85.0,80.0,Region IV-A
42500000.0,5.0,5.0,500.0,126.0,NCR
13500000.0,5.0,3.0,174.0,160.0,Region IV-A
4000000.0,3.0,2.0,54.0,80.0,Region IV-A
1660120.0,2.0,1.0,36.0,40.0,Region IV-A
14371000.0,5.0,3.0,142.0,168.0,Region IV-A
19495000.0,5.0,4.0,312.0,94.0,NCR
19495000.0,5.0,4.0,312.0,94.0,NCR
150000000.0,3.0,4.0,600.0,375.0,NCR
35000000.0,4.0,2.0,310.0,105.0,NCR
13900000.0,4.0,4.0,143.0,182.0,Region IV-A
19100000.0,3.0,3.0,113.0,295.0,Region IV-A
300000.0,3.0,2.0,80.0,100.0,Region XI
5679520.0,3.0,2.0,90.0,88.0,Region IV-A
1500000.0,2.0,1.0,30.0,77.0,Region XI
5973000.0,3.0,2.0,64.0,60.0,Region IV-A
10500000.0,4.0,3.0,199.0,143.0,Region VII
11598000.0,3.0,2.0,67.0,132.0,Region IV-A
2900000.0,2.0,1.0,40.0,66.0,Region III
16800000.0,3.0,3.0,165.0,119.0,Region IV-A
12000000.0,4.0,4.0,180.0,120.0,Region III
13600000.0,3.0,3.0,318.0,1200.0,Region VII
29900000.0,5.0,5.0,650.0,540.0,Region I
25000000.0,5.0,4.0,250.0,520.0,Region I
45000000.0,4.0,5.0,518.0,144.0,Region XIV
17500000.0,4.0,3.0,160.0,204.0,NCR
12500000.0,4.0,3.0,227.0,209.0,Region VII
3690000.0,4.0,3.0,122.94,112.5,Region III
9200000.0,3.0,3.0,120.0,65.0,NCR
14200000.0,4.0,4.0,200.0,332.0,Region XI
23500000.0,5.0,4.0,276.0,215.0,NCR
5710000.0,3.0,3.0,116.0,43.0,NCR
98000000.0,6.0,5.0,350.0,1000.0,NCR
85000000.0,4.0,5.0,600.0,587.0,NCR
6062500.0,4.0,3.0,150.0,164.0,Region I
1600000.0,3.0,1.0,45.0,40.25,Region III
10210000.0,4.0,3.0,172.0,165.0,Region IV-A
2800000.0,2.0,2.0,140.0,70.0,Region III
65000000.0,6.0,8.0,918.0,566.0,Region VII
13000000.0,5.0,4.0,170.0,60.0,NCR
25000000.0,5.0,5.0,246.0,289.0,Region III
60000000.0,4.0,5.0,310.0,537.0,Region XIV
14800000.0,5.0,4.0,227.0,420.0,Region VII
5232628.0,4.0,2.0,104.0,100.0,Region IV-A
12500000.0,4.0,4.0,140.0,78.0,NCR
9500000.0,5.0,4.0,120.0,60.0,NCR
170000000.0,6.0,5.0,750.0,574.0,NCR
27000000.0,5.0,2.0,350.0,180.0,Region XIV
8800000.0,4.0,3.0,190.0,105.0,NCR
1460000.0,2.0,1.0,45.5,54.0,Region IV-A
16500000.0,3.0,3.0,200.0,150.0,NCR
400000000.0,5.0,5.0,1000.0,855.0,NCR
7052000.0,4.0,3.0,135.0,164.0,Region I
21000000.0,4.0,4.0,260.0,189.0,NCR
2900000.0,3.0,2.0,60.75,69.0,Region IV-A
200000000.0,4.0,4.0,1200.0,690.0,NCR
45000000.0,3.0,3.0,170.0,150.0,NCR
12000000.0,4.0,4.0,220.0,85.0,NCR
19500000.0,4.0,3.0,200.0,373.0,NCR
8300000.0,3.0,2.0,135.0,150.0,Region III
16495000.0,4.0,3.0,214.0,86.0,NCR
160000000.0,6.0,5.0,800.0,1000.0,NCR
6434920.0,4.0,3.0,151.0,182.0,Region III
20000000.0,3.0,6.0,300.0,250.0,Region III
5400000.0,3.0,2.0,250.0,1529.0,Region VII
8200000.0,3.0,3.0,170.0,120.0,Region III
15843000.0,5.0,3.0,166.0,143.0,Region I
13000000.0,4.0,3.0,117.0,281.0,Region IV-A
56000000.0,4.0,4.5,400.0,375.0,NCR
5340000.0,3.0,2.0,83.0,53.0,NCR
26500000.0,5.0,5.0,650.0,430.0,Region IV-A
49000000.0,4.0,3.0,350.0,240.0,NCR
34000000.0,4.0,4.0,302.0,250.0,Region IV-A
8210000.0,3.0,3.0,165.0,139.0,Region IV-A
6600000.0,4.0,3.0,160.0,128.0,Region I
5000000.0,3.0,2.0,60.0,50.6,Region IV-A
2918752.0,3.0,1.0,50.0,63.0,Region IV-A
1750000.0,3.0,1.0,42.0,48.0,Region III
45000000.0,6.0,7.0,537.0,900.0,Region III
3114170.0,2.0,2.0,57.0,50.0,Region IV-A
11129760.0,4.0,3.0,192.0,180.0,Region VI
105000000.0,5.0,5.0,565.0,915.0,Region IV-A
19495000.0,5.0,4.0,312.0,98.0,NCR
5450000.0,3.0,1.0,102.0,80.0,Region IV-A
56000000.0,4.0,4.0,400.0,375.0,NCR
5980000.0,3.0,2.0,95.0,58.0,NCR
5887000.0,3.0,2.0,98.0,198.0,Region III
5887000.0,3.0,2.0,98.0,198.0,Region III
150000000.0,4.0,4.0,500.0,550.0,NCR
188955000.0,3.0,3.0,350.0,969.0,NCR
220000000.0,5.0,5.0,749.0,883.0,NCR
4136000.0,3.0,2.0,77.25,120.0,Region IV-A
1227966.0,2.0,1.0,46.6,40.0,Region III
9800012.0,5.0,3.0,209.0,204.0,Region III
5899500.0,2.0,2.0,70.85,84.0,Region IV-A
130000000.0,5.0,5.0,550.0,300.0,NCR
2762000.0,3.0,1.0,53.0,63.0,Region IV-A
1280000.0,3.0,1.0,45.0,36.0,Region IV-A
3000000.0,3.0,3.0,132.0,66.0,Region IV-A
13500000.0,4.0,3.0,187.0,170.0,Region IV-A
163000000.0,4.0,4.0,304.0,741.0,NCR
4638990.0,2.0,2.0,78.0,50.0,Region VII
11800000.0,3.0,3.0,190.0,137.0,Region III
7350000.0,4.0,43.0,135.0,164.0,Region III
12500000.0,4.0,4.0,203.0,120.0,Region III
15000000.0,4.0,2.0,126.0,147.0,Region VII
2989049.0,2.0,1.0,50.0,50.0,Region IV-A
48000000.0,5.0,7.0,769.0,407.0,Region VII
2164500.0,2.0,1.0,50.0,65.0,Region III
540000000.0,6.0,6.0,987.0,1442.0,NCR
65000000.0,8.0,5.0,1000.0,3289.0,Region VII
470000000.0,7.0,7.0,1500.0,900.0,NCR
110000000.0,4.0,5.0,400.0,300.0,NCR
188000000.0,5.0,5.0,800.0,688.0,NCR
60000000.0,5.0,5.0,384.0,122.0,NCR
11300000.0,4.0,3.0,203.0,150.0,Region IV-A
9270000.0,4.0,3.0,121.0,120.0,Region IV-A
7600000.0,4.0,4.0,100.0,100.0,Region XI
35120000.0,5.0,5.0,264.0,92.58,NCR
35710000.0,4.0,4.0,257.0,82.03,NCR
16884800.0,5.0,4.0,195.0,240.0,NCR
5400000.0,3.0,2.0,75.26,80.0,Region III
24590000.0,3.0,2.0,183.0,54.67,NCR
42000000.0,4.0,5.0,280.0,100.0,NCR
10280000.0,4.0,4.0,220.0,92.0,NCR
3185421.0,3.0,2.0,54.0,90.0,Region III
10762500.0,3.0,2.0,85.0,138.0,Region IV-A
8300000.0,3.0,3.0,144.0,100.0,Region III
6200000.0,3.0,3.0,100.0,30.0,NCR
35000000.0,4.0,5.0,368.0,277.0,Region IV-A
14000000.0,3.0,3.0,170.0,121.0,NCR
16000000.0,2.0,2.0,100.0,200.0,Region IV-A
12800000.0,3.0,3.0,165.0,52.0,NCR
5116623.0,3.0,2.0,68.0,50.0,NCR
15000000.0,3.0,2.0,250.0,484.0,Region III
420000000.0,5.0,6.0,1172.0,762.0,NCR
33000000.0,4.0,5.0,309.0,93.0,NCR
78000000.0,3.0,3.0,250.0,150.0,NCR
19500000.0,5.0,4.0,386.0,251.0,NCR
24430000.0,4.0,4.0,350.0,110.0,NCR
250000000.0,4.0,3.0,200.0,3000.0,Region XIII
11300000.0,3.0,3.0,120.0,60.0,NCR
15000000.0,4.0,3.0,150.0,120.0,Region VII
115000000.0,4.0,4.0,324.0,190.0,NCR
250000000.0,5.0,5.0,700.0,747.0,NCR
7650000.0,4.0,3.0,135.0,164.0,Region I
188000000.0,4.0,4.0,800.0,688.0,NCR
1200000000.0,5.0,7.0,1024.0,8000.0,NCR
24000000.0,5.0,3.0,450.0,250.0,NCR
1873945.0,2.0,1.0,47.0,40.0,Region I
180000000.0,3.0,3.0,650.0,650.0,NCR
7000000.0,4.0,2.0,150.0,163.0,NCR
2913000.0,3.0,2.0,60.5,50.0,Region IV-A
12000000.0,5.0,5.0,210.0,75.0,NCR
180000000.0,4.0,5.0,600.0,720.0,NCR
198000000.0,5.0,6.5,642.0,288.0,NCR
10810000.0,3.0,2.0,95.0,129.0,Region III
3700000.0,3.0,1.0,57.0,56.25,NCR
18000000.0,5.0,3.0,300.0,400.0,NCR
135000000.0,4.0,5.0,450.0,189.0,NCR
8500000.0,4.0,2.0,160.0,102.0,NCR
22500000.0,4.0,4.0,246.0,194.0,NCR
9750000.0,4.0,4.0,148.73,58.53,NCR
24950000.0,5.0,4.0,250.0,280.0,NCR
162000000.0,4.0,4.0,400.0,479.0,NCR
5710000.0,3.0,4.0,117.0,43.33,NCR
35000000.0,4.0,4.0,300.0,336.0,Region VII
34000000.0,4.0,5.0,380.0,286.0,NCR
9700000.0,3.0,3.0,200.0,80.0,NCR
29000000.0,5.0,4.0,200.0,591.0,Region IV-A
11500000.0,4.0,3.0,190.0,120.0,Region III
18500000.0,4.0,4.0,350.0,210.0,NCR
3200000.0,3.0,2.0,54.0,88.0,Region II
7224820.0,4.0,3.0,189.0,182.0,Region III
6450000.0,3.0,2.0,70.0,60.0,NCR
87000000.0,5.0,5.0,620.0,112.0,NCR
5763000.0,3.0,2.0,70.45,72.0,Region III
7300000.0,3.0,3.0,91.6,47.9,NCR
18500000.0,4.0,3.0,217.0,246.0,Region III
750000000.0,5.0,5.0,600.0,1012.0,Region IV-A
13600000.0,4.0,3.0,148.0,150.0,Region XI
11900000.0,3.0,4.0,180.0,52.5,Region IV-A
14000000.0,5.0,4.0,300.0,162.0,Region XI
6800000.0,1.0,1.0,35.0,168.0,Region XIV
30000000.0,4.0,4.0,302.0,250.0,Region IV-A
33000000.0,4.0,4.0,275.0,201.0,NCR
5600000.0,3.0,3.0,97.0,50.0,NCR
15500000.0,4.0,3.0,220.0,165.0,Region III
90000000.0,5.0,6.0,860.0,586.0,NCR
9500000.0,4.0,3.0,190.0,120.0,Region III
30000000.0,4.0,4.0,302.0,250.0,Region IV-A
45000000.0,6.0,5.0,442.0,448.0,Region IV-A
28000000.0,4.0,4.0,330.0,200.0,Region VII
29000000.0,3.0,5.0,220.0,256.0,NCR
68000000.0,4.0,5.0,506.0,389.0,Region IV-A
11000000.0,3.0,3.0,100.0,30.0,NCR
1800000.0,2.0,1.0,40.0,44.0,Region IV-A
29000000.0,3.0,5.0,220.0,256.0,NCR
12000000.0,4.0,3.0,186.0,120.0,Region III
7000000.0,3.0,3.0,112.0,89.0,NCR
8350000.0,3.0,3.0,102.0,68.0,NCR
25000000.0,4.0,5.0,250.0,235.0,NCR
62000000.0,5.0,5.0,447.0,816.0,Region IV-A
35400000.0,4.0,4.0,391.0,336.0,Region IV-A
16800000.0,4.0,4.0,221.23,201.9,Region IV-A
78000000.0,4.0,5.0,382.06,603.0,NCR
14582000.0,4.0,4.0,264.0,100.0,Region IV-A
9930000.0,6.0,4.0,160.0,68.0,NCR
7800000.0,3.0,3.0,83.0,103.0,Region IV-A
16650000.0,4.0,5.0,172.0,264.0,Region IV-A
9850000.0,6.0,5.0,170.42,74.5,NCR
61440000.0,3.0,3.0,250.0,384.0,NCR
7350000.0,4.0,3.0,135.0,164.0,Region I
30000000.0,4.0,4.0,310.0,243.0,Region IV-A
222250000.0,4.0,4.0,700.0,910.0,NCR
205000000.0,6.0,4.0,600.0,870.0,NCR
9850000.0,4.0,4.0,150.0,58.7,NCR
400000000.0,5.0,3.0,654.0,698.0,NCR
5696435.0,3.0,3.0,82.0,65.0,NCR
1227966.0,2.0,1.0,46.6,36.0,Region III
10670517.0,3.0,3.0,143.0,66.0,NCR
9850000.0,4.0,4.0,150.0,58.7,NCR
1860000.0,2.0,1.0,40.0,60.5,Region IV-A
95000000.0,6.0,5.0,668.0,478.0,Region IV-A
5900000.0,4.0,3.0,88.35,240.0,Region III
16000000.0,4.0,4.0,350.0,120.0,NCR
9000000.0,4.0,2.0,300.0,120.0,NCR
30000000.0,6.0,5.0,350.0,800.0,Region III
12900000.0,3.0,3.0,130.0,48.5,NCR
28000000.0,3.0,2.0,219.0,186.0,NCR
1227966.0,2.0,1.0,46.6,36.0,Region III
10670517.0,3.0,3.0,143.0,66.0,NCR
400000000.0,5.0,3.0,654.0,698.0,NCR
4337472.0,3.0,2.0,112.5,72.0,Region IV-A
5696435.0,3.0,3.0,82.0,65.0,NCR
36500000.0,4.0,3.0,212.0,126.0,NCR
165000000.0,6.0,6.0,800.0,433.0,NCR
68000000.0,4.0,4.0,508.0,380.0,Region IV-A
40700000.0,4.0,4.0,329.0,124.0,NCR
37858000.0,3.0,4.0,278.0,252.0,NCR
125000000.0,4.0,4.0,400.0,401.0,NCR
17500000.0,3.0,2.0,250.0,202.0,Region VII
70000000.0,5.0,8.0,600.0,800.0,Region IV-A
13500000.0,3.0,3.0,200.0,1000.0,Region VII
20000000.0,3.0,2.0,300.0,300.0,NCR
2500000.0,2.0,1.0,42.0,100.0,Region III
165000000.0,6.0,5.0,850.0,433.0,NCR
15500000.0,3.0,4.0,185.0,78.0,NCR
56000000.0,6.0,5.0,687.0,421.0,Region IV-A
60500000.0,4.0,4.0,600.0,450.0,Region IV-A
29000000.0,4.0,4.0,304.0,356.0,Region VII
170000000.0,6.0,5.0,500.0,695.0,NCR
10280000.0,5.0,3.0,197.0,77.0,NCR
15700000.0,4.0,3.0,165.0,220.0,Region III
10000000.0,4.0,3.0,128.0,150.0,Region I
100000000.0,5.0,5.0,460.0,190.0,NCR
19000000.0,3.0,3.0,245.0,433.0,Region III
12800000.0,3.0,3.0,172.0,165.0,Region III
70000000.0,4.0,4.0,480.0,518.0,Region IV-A
66000000.0,5.0,5.0,500.0,450.0,NCR
25000000.0,5.0,4.0,300.0,280.0,NCR
10900000.0,3.0,3.0,140.0,80.0,NCR
36500000.0,4.0,3.0,240.0,170.0,NCR
5364000.0,3.0,2.0,80.0,81.0,Region I
89000000.0,4.0,4.0,600.0,396.0,Region IV-A
5000000.0,2.0,3.0,120.0,82.0,Region III
120000000.0,8.0,7.0,720.0,402.0,NCR
9500000.0,3.0,3.0,136.5,83.73,NCR
35000000.0,6.0,7.0,400.0,367.0,Region IV-A
9500000.0,2.0,2.0,145.0,192.0,NCR
120000000.0,13.0,13.0,1250.0,1000.0,NCR
19000000.0,3.0,3.0,245.0,433.0,Region III
60000000.0,4.0,4.0,446.0,352.0,Region IV-A
8000000.0,4.0,4.0,210.0,78.0,NCR
25000000.0,6.0,6.0,380.0,420.0,NCR
14000000.0,4.0,3.0,200.0,10000.0,Region III
14000000.0,4.0,3.0,200.0,10000.0,Region III
14000000.0,4.0,4.0,225.0,118.0,NCR
8000000.0,4.0,4.0,210.0,78.0,NCR
65000000.0,4.0,4.0,400.0,575.0,Region III
7300000.0,3.0,3.0,91.6,47.9,NCR
25000000.0,5.0,5.0,232.14,175.0,Region IV-A
10400000.0,4.0,3.0,190.0,110.0,Region IV-A
4750000.0,3.0,2.0,91.19,60.0,NCR
14500800.0,4.0,2.0,120.0,240.0,Region IV-A
7900000.0,4.0,4.0,175.0,240.0,Region I
5730000.0,4.0,2.0,100.0,190.0,Region I
28500000.0,5.0,4.0,300.0,321.0,Region IV-A
25000000.0,5.0,3.0,250.0,183.0,Region XIV
4660000.0,2.0,2.0,36.0,38.0,NCR
16500000.0,4.0,4.0,250.0,370.0,NCR
7000000.0,3.0,2.0,100.3,72.0,NCR
38000000.0,3.0,3.0,330.0,420.0,NCR
2650000.0,2.0,1.0,43.0,45.0,Region IV-A
85000000.0,5.0,6.0,1080.0,1700.0,NCR
420000000.0,7.0,7.0,1233.0,816.0,NCR
7900000.0,4.0,2.0,90.0,100.0,Region XIV
20000000.0,3.0,2.0,200.0,281.0,Region XI
24000000.0,4.0,4.0,290.0,246.0,Region III
2350000.0,3.0,1.0,47.0,40.0,Region VII
8691000.0,4.0,3.0,143.0,94.0,Region I
10542000.0,3.0,2.0,134.0,188.0,Region I
18000000.0,6.0,6.0,235.5,210.0,NCR
22800000.0,4.0,4.0,228.0,55.0,NCR
20000000.0,4.0,3.0,280.0,600.0,Region XIV
115000000.0,4.0,3.0,275.0,350.0,NCR
17970000.0,5.0,3.0,150.0,335.0,Region XIV
45000000.0,5.0,5.0,459.32,308.0,NCR
2044125.0,3.0,1.0,54.0,50.0,Region IV-A
12500000.0,4.0,3.0,211.0,90.0,Region IV-A
25000000.0,5.0,4.0,211.0,182.0,Region VII
9750000.0,4.0,2.0,148.0,140.0,NCR
7500000.0,5.0,3.0,188.0,197.0,Region IV-A
13070000.0,4.0,3.0,147.0,304.0,Region IV-A
26000000.0,4.0,3.0,110.0,476.0,NCR
168000000.0,5.0,5.0,820.0,476.0,NCR
35530000.0,4.0,3.0,198.0,111.0,NCR
110000000.0,4.0,5.0,450.0,800.0,NCR
1838000.0,2.0,1.0,44.5,58.5,Region IV-A
8500000.0,4.0,3.0,180.0,200.0,Region IV-A
310000000.0,5.0,5.0,1000.0,700.0,NCR
112000000.0,3.0,4.0,420.0,198.0,NCR
6000000.0,3.0,2.0,155.0,100.0,NCR
26500000.0,4.0,4.0,350.0,293.0,NCR
73780000.0,3.0,3.0,250.0,434.0,NCR
1200000.0,2.0,1.0,44.0,36.0,Region III
63000000.0,4.0,4.0,172.0,400.0,NCR
7500000.0,3.0,3.0,180.0,136.0,Region VII
370000000.0,4.0,4.0,700.0,899.0,NCR
4200000.0,3.0,2.0,65.0,48.0,NCR
60000000.0,5.0,6.0,700.0,400.0,Region IV-A
105000000.0,5.0,5.0,565.0,915.0,Region IV-A
9800000.0,4.0,3.0,170.13,82.0,Region IV-A
24000000.0,3.0,2.0,82.0,200.0,Region I
9500000.0,3.0,2.0,185.0,320.0,Region III
48000000.0,5.0,4.0,316.54,353.0,NCR
12500000.0,4.0,4.0,219.84,95.0,Region IV-A
27000000.0,4.0,4.0,350.0,251.0,Region III
4600000.0,3.0,2.0,114.0,90.0,Region IV-A
18000000.0,6.0,6.0,432.0,278.0,Region IV-A
8574500.0,3.0,2.0,124.0,80.0,NCR
80000000.0,4.0,3.0,326.0,326.0,NCR
50000000.0,5.0,5.0,300.0,852.0,Region I
7500000.0,4.0,4.0,138.0,58.0,NCR
79500000.0,5.0,5.0,542.0,333.0,NCR
8800000.0,3.0,3.0,118.0,66.0,NCR
7500000.0,5.0,5.0,150.0,220.0,Region IV-A
26000000.0,5.0,4.0,271.0,251.0,NCR
15300000.0,3.0,3.0,143.0,27.0,NCR
16000000.0,4.0,3.0,370.0,198.0,Region IV-A
18500000.0,3.0,3.0,270.0,332.0,NCR
22995980.0,3.0,4.0,277.06,68.0,NCR
1846470.0,2.0,1.0,39.0,60.0,Region IV-A
4000000.0,4.0,2.0,81.0,110.0,Region IV-A
4000000.0,4.0,2.0,81.0,110.0,Region IV-A
90000000.0,5.0,5.0,700.0,400.0,NCR
8200000.0,3.0,2.0,112.0,60.0,NCR
24000000.0,3.0,2.0,250.0,348.0,NCR
35000000.0,6.0,6.0,434.0,405.0,Region IV-A
4920000.0,3.0,2.0,80.0,180.0,Region I
30000000.0,6.0,5.0,500.0,204.0,NCR
4059035.0,3.0,2.0,102.0,129.0,Region IV-A
63500000.0,7.0,7.0,700.0,460.0,NCR
18000000.0,4.0,3.0,204.0,254.0,Region IV-A
25000000.0,5.0,5.0,300.0,610.0,Region IV-A
168000000.0,5.0,5.0,820.0,480.0,NCR
20000000.0,3.0,3.0,160.0,169.0,Region XI
5400000.0,3.0,2.0,70.0,67.5,NCR
20000000.0,6.0,4.0,260.0,150.0,NCR
10500000.0,3.0,2.0,180.0,176.0,NCR
4500000.0,3.0,2.0,80.0,80.0,Region IV-A
16000000.0,5.0,4.0,400.0,180.0,Region IV-A
120000000.0,5.0,9.0,1500.0,1458.0,Region VII
8600000.0,3.0,3.0,130.0,80.0,NCR
12000000.0,4.0,3.0,300.0,3267.0,Region VII
43000000.0,4.0,5.0,400.0,380.0,NCR
8530000.0,3.0,3.0,133.0,90.0,NCR
112000000.0,3.0,4.0,420.0,198.0,NCR
43000000.0,4.0,5.0,380.0,400.0,NCR
16500000.0,5.0,5.0,300.0,194.0,NCR
73900000.0,8.0,5.0,548.0,662.0,NCR
420000000.0,5.0,6.0,1600.0,868.0,NCR
20000000.0,4.0,3.0,180.0,180.0,Region XI
14000000.0,4.0,3.0,200.0,120.0,NCR
20000000.0,4.0,3.0,180.0,180.0,Region XI
16500000.0,2.0,3.0,170.0,100.0,NCR
23000000.0,3.0,4.0,152.0,53.0,NCR
14300000.0,4.0,3.0,186.0,110.0,NCR
4000000.0,2.0,2.0,80.0,88.0,Region III
18000000.0,4.0,3.0,240.0,334.0,Region IV-A
55000000.0,4.0,6.0,400.0,530.0,Region IV-A
9800000.0,3.0,3.0,119.0,64.0,NCR
11000000.0,4.0,4.0,90.0,526.0,Region VII
30000000.0,3.0,2.0,212.0,377.0,NCR
199000000.0,5.0,5.0,600.0,625.0,NCR
6750000.0,4.0,2.0,100.0,275.0,Region I
90000000.0,5.0,5.0,489.19,198.0,NCR
180000000.0,4.0,4.0,358.25,866.3,NCR
32000000.0,3.0,3.0,300.0,300.0,NCR
112000000.0,3.0,4.0,420.0,198.0,NCR
250000000.0,7.0,7.0,800.0,911.0,NCR
87000000.0,4.0,3.0,640.0,432.0,NCR
75000000.0,5.0,5.0,581.0,653.0,NCR
14000000.0,3.0,3.0,216.0,260.0,Region I
30000000.0,6.0,8.0,650.0,300.0,NCR
23800000.0,5.0,7.0,342.0,208.0,Region III
150000000.0,6.0,6.0,800.0,450.0,NCR
11500000.0,4.0,3.0,190.0,120.0,Region III
22500000.0,4.0,3.0,300.0,152.0,Region IV-A
10980000.0,4.0,3.0,129.0,144.0,NCR
23800000.0,5.0,7.0,342.0,208.0,Region III
150000000.0,6.0,6.0,800.0,450.0,NCR
12500000.0,4.0,4.0,200.0,216.0,Region IV-A
25000000.0,7.0,4.0,250.0,500.0,Region XIV
11000000.0,4.0,3.0,200.0,1000.0,Region VII
95000000.0,4.0,4.0,400.0,412.0,NCR
6864091.0,4.0,3.0,110.0,211.24,Region IV-A
450000000.0,5.0,5.0,600.0,630.0,NCR
420000000.0,5.0,5.0,1172.0,762.0,NCR
188000000.0,7.0,7.0,800.0,688.0,NCR
37380000.0,3.0,3.0,254.0,77.74,NCR
10000000.0,3.0,4.0,314.0,157.0,NCR
12000000.0,6.0,5.0,260.0,300.0,Region XI
4800000.0,4.0,2.0,150.0,172.0,Region I
1800000.0,2.0,1.0,60.0,80.0,Region VII
2710000.0,3.0,1.0,45.0,63.0,Region IV-A
1140000.0,1.0,1.0,60.0,200.0,Region III
3543147.0,2.0,1.0,40.0,88.0,Region VII
17000000.0,4.0,3.0,308.0,250.0,Region IV-A
5451654.0,3.0,2.0,99.0,70.0,Region IV-A
3500000.0,4.0,2.0,94.0,300.0,Region VII
16000000.0,5.0,5.0,220.0,345.0,Region XI
6300000.0,6.0,4.0,263.0,120.0,Region IV-A
9500000.0,4.0,3.0,185.0,110.0,Region IV-A
18000000.0,3.0,2.0,157.38,122.8,NCR
3752000.0,4.0,3.0,109.3,100.0,NCR
460000000.0,7.0,7.0,1500.0,900.0,NCR
45000000.0,5.0,5.0,400.0,300.0,NCR
115000000.0,5.0,6.0,655.0,300.0,NCR
5569300.0,3.0,2.0,80.0,106.0,Region IV-A
26000000.0,4.0,4.0,315.0,204.0,NCR
16884800.0,3.0,2.0,195.0,240.0,Region III
16800000.0,3.0,2.0,272.0,471.0,Region VII
4383680.0,3.0,2.0,67.0,96.0,Region III
16500000.0,3.0,4.0,260.0,80.0,NCR
148000000.0,5.0,5.0,800.0,1000.0,NCR
5000000.0,3.0,2.0,110.0,270.0,MIMAROPA
4356000.0,4.0,3.0,109.3,150.0,Region I
14986000.0,5.0,3.0,166.0,169.0,Region IV-A
18300000.0,4.0,3.0,255.0,203.0,NCR
3969280.0,2.0,2.0,74.0,89.0,Region III
3500000.0,4.0,2.0,80.0,80.0,Region III
140000000.0,5.0,6.0,513.0,189.0,NCR
8500000.0,4.0,3.0,180.0,110.0,Region IV-A
1914154.0,2.0,1.0,38.0,36.0,Region III
14600000.0,4.0,3.0,300.0,215.0,Region IV-A
2100000.0,2.0,1.0,44.0,36.0,Region II
10674000.0,5.0,3.0,166.0,143.0,Region III
16500000.0,4.0,3.0,260.0,161.0,NCR
360000000.0,4.0,4.0,750.0,600.0,NCR
1340000.0,1.0,1.0,48.0,80.0,Region IV-A
28000000.0,3.0,3.0,500.0,7624.0,Region III
190000000.0,5.0,7.5,1200.0,900.0,NCR
5026399.0,2.0,1.0,52.25,80.0,Region IV-A
7800000.0,5.0,4.0,153.0,210.0,Region I
7500000.0,4.0,4.0,180.0,60.0,NCR
16884800.0,5.0,4.0,195.0,240.0,Region III
12000000.0,4.0,3.0,300.0,2500.0,Region IV-A
308000000.0,10.0,10.0,1000.0,2055.0,NCR
8800000.0,3.0,3.0,99.75,153.0,Region VII
6800021.0,4.0,3.0,100.0,128.0,Region III
11000000.0,4.0,3.0,90.0,120.0,Region VII
8200000.0,4.0,3.0,153.7,58.7,NCR
9970700.0,3.0,3.0,167.0,120.0,Region IV-A
12000000.0,3.0,3.0,200.0,180.0,Region I
6000000.0,5.0,2.0,120.0,60.67,NCR
17000000.0,4.0,3.0,380.0,242.0,Region VII
19500000.0,4.0,4.0,300.0,554.0,Region III
3000000.0,2.0,1.0,104.0,52.0,NCR
6488074.0,4.0,2.0,132.34,100.0,Region IV-A
420000000.0,5.0,5.0,1172.0,762.0,NCR
16500000.0,5.0,5.0,260.0,121.0,NCR
15500000.0,3.0,2.0,340.0,250.0,Region VII
12500000.0,4.0,3.0,180.0,120.0,Region IV-A
17500000.0,4.0,4.0,200.0,263.0,NCR
8500000.0,5.0,4.0,160.0,80.0,NCR
2074000.0,2.0,1.0,64.8,63.0,Region III
14000000.0,4.0,3.0,240.0,173.0,Region IV-A
5017800.0,3.0,2.0,61.0,70.0,Region IV-A
440000000.0,7.0,7.0,1232.0,816.0,NCR
14000000.0,4.0,4.0,180.0,140.0,NCR
16000000.0,9.0,4.0,190.0,240.0,NCR
460000000.0,7.0,7.0,900.0,1500.0,NCR
13554567.0,3.0,3.0,100.0,200.0,NCR
1951400.0,3.0,2.0,40.0,45.0,Region IV-A
3800000.0,2.0,2.0,93.0,60.0,Region XI
12500000.0,5.0,3.0,500.0,938.0,Region VII
57000000.0,5.0,5.0,338.0,1187.0,Region III
4000000.0,3.0,2.0,60.0,120.0,Region VII
18000000.0,4.0,3.0,265.0,475.0,Region IV-A
25800000.0,3.0,3.0,212.0,113.0,NCR
2133600.0,3.0,1.0,40.0,50.0,Region IV-A
118000000.0,3.0,3.0,300.0,350.0,NCR
6700000.0,3.0,2.0,81.0,180.0,Region VII
4000000.0,3.0,2.0,65.0,85.0,Region IV-A
420000000.0,5.0,6.0,1600.0,868.0,NCR
39500000.0,4.0,3.0,500.0,287.0,NCR
5000000.0,2.0,1.0,60.0,110.0,Region IV-A
21500000.0,4.0,3.5,250.0,200.0,Region IV-A
35000000.0,4.0,5.0,368.0,277.0,Region IV-A
10280000.0,5.0,3.0,220.0,77.0,NCR
22000000.0,3.0,3.0,200.0,250.0,Region III
35000000.0,4.0,3.0,350.0,496.0,NCR
33000000.0,5.0,4.0,288.0,300.0,NCR
3950000.0,3.0,2.0,65.0,50.0,NCR
45000000.0,5.0,5.0,375.0,280.0,NCR
4900000.0,2.0,1.0,61.0,70.0,Region IV-A
26000000.0,4.0,4.0,350.0,289.0,NCR
52000000.0,6.0,4.5,480.0,500.0,NCR
5500000.0,2.0,2.0,110.0,121.0,Region I
188000000.0,6.0,6.0,910.0,510.0,NCR
32500000.0,4.0,4.0,268.0,287.0,NCR
6000000.0,3.0,3.0,120.0,64.0,Region IV-A
8000000.0,5.0,3.0,142.0,121.0,Region IV-A
12230000.0,3.0,3.0,182.93,62.8,NCR
18500000.0,3.0,3.0,300.0,204.0,NCR
28900000.0,4.0,4.0,270.0,204.0,NCR
8000000.0,3.0,2.0,83.0,120.0,NCR
9798000.0,4.0,3.0,155.0,104.0,Region IV-A
20000000.0,5.0,5.0,300.0,240.0,NCR
110000000.0,4.0,5.0,400.0,300.0,NCR
25000000.0,4.0,3.0,450.0,392.0,Region IV-A
45000000.0,5.0,6.0,432.0,1565.0,Region I
105000000.0,5.0,5.0,650.0,330.0,NCR
36000000.0,5.0,6.0,325.0,280.0,NCR
2090585.0,2.0,1.0,42.0,50.0,Region I
6900000.0,3.0,2.0,88.9,53.0,NCR
17000000.0,2.0,2.0,250.0,338.0,Region XI
10700000.0,4.0,2.0,150.0,120.0,Region III
1144549.0,3.0,1.0,46.6,40.0,Region I
5500000.0,3.0,2.0,76.0,70.0,Region IV-A
16000000.0,5.0,6.0,411.0,360.0,Region IV-A
7521360.0,3.0,2.0,90.0,112.0,Region III
2700000.0,2.0,1.0,37.0,79.0,NCR
540000000.0,6.0,7.0,1442.0,987.0,NCR
3155000.0,1.0,1.0,191.0,204.0,Region I
208000000.0,7.0,6.0,900.0,464.0,NCR
5739667.0,3.0,2.0,75.0,120.0,Region IV-A
21400000.0,5.0,3.0,300.0,400.0,NCR
36000000.0,5.0,4.0,309.0,2080.0,Region IV-A
8500000.0,2.0,1.0,63.0,288.0,NCR
6448937.0,3.0,2.0,76.0,90.0,Region IV-A
45000000.0,6.0,7.0,700.0,561.0,Region IV-A
5177819.0,3.0,2.0,73.1,41.0,Region IV-A
4169183.0,2.0,1.0,54.0,113.0,Region IV-A
42500000.0,5.0,5.5,460.0,300.0,Region IV-A
17500000.0,5.0,3.0,300.0,240.0,NCR
92000000.0,5.0,5.0,421.0,400.0,NCR
10000000.0,6.0,4.0,318.0,210.0,Region VII
14000000.0,4.0,3.0,240.0,173.0,Region IV-A
30000000.0,4.0,4.0,300.0,280.0,NCR
5000000.0,2.0,2.0,60.0,150.0,Region VII
19500000.0,3.0,3.0,188.0,172.0,Region IV-A
29000000.0,6.0,6.0,450.0,191.0,NCR
125000000.0,4.0,3.0,300.0,330.0,NCR
5040000.0,3.0,2.0,80.0,190.0,Region I
125000000.0,4.0,5.0,400.0,300.0,NCR
45000000.0,5.0,5.0,350.0,464.0,NCR
49000000.0,5.0,5.0,450.0,510.0,NCR
15000000.0,5.0,4.0,303.0,90.0,NCR
25000000.0,3.0,3.0,270.0,101.0,NCR
30000000.0,5.0,4.0,550.0,386.0,Region IV-A
50000000.0,5.0,5.0,323.0,302.0,NCR
120000000.0,4.0,5.0,400.0,720.0,NCR
37500000.0,5.0,5.0,375.0,280.0,NCR
800000000.0,5.0,5.0,700.0,1156.0,NCR
18000000.0,3.0,3.0,260.0,144.0,NCR
3400000.0,3.0,2.0,66.0,80.0,Region IV-A
3816956.0,3.0,2.0,53.24,72.0,Region I
17500000.0,4.0,3.0,250.0,214.0,Region IV-A
6449458.0,4.0,2.0,86.0,110.0,Region VII
18500000.0,4.0,4.0,190.0,184.0,Region XI
8000000.0,3.0,2.0,110.0,45.0,NCR
2245920.0,3.0,1.0,40.0,50.0,Region IV-A
16000000.0,5.0,4.0,210.0,208.0,Region XI
45000000.0,5.0,5.0,400.0,300.0,NCR
12000000.0,6.0,5.0,110.0,240.0,Region IV-A
130000000.0,4.0,4.0,500.0,550.0,NCR
10500000.0,4.0,3.0,130.0,300.0,Region XI
38000000.0,3.0,3.0,417.0,472.0,NCR
420000000.0,7.0,7.0,1233.0,816.0,NCR
23609000.0,3.0,2.0,243.0,240.0,Region IV-A
16500000.0,4.0,4.0,240.0,60.0,NCR
28000000.0,8.0,4.0,420.0,315.0,NCR
72000000.0,4.0,4.0,504.0,300.0,NCR
9500000.0,4.0,4.0,250.0,117.0,NCR
420000000.0,5.0,5.0,1172.0,762.0,NCR
4280000.0,1.0,1.0,156.0,250.0,Region III
2000000.0,2.0,2.0,80.0,120.0,Region IV-A
8000000.0,4.0,3.0,166.0,108.0,Region IV-A
29000000.0,5.0,4.0,334.0,235.0,NCR
220000000.0,10.0,7.0,1522.0,735.0,Region VII
16800000.0,4.0,3.0,240.0,180.0,Region I
11160100.0,3.0,3.0,90.0,150.0,Region IV-A
2860000.0,2.0,1.0,36.0,44.0,Region V
34800000.0,5.0,5.0,360.0,280.0,NCR
8500000.0,3.0,3.0,186.0,183.0,Region IV-A
70000000.0,6.0,6.0,780.0,1500.0,Region XI
13500000.0,4.0,4.0,216.0,72.0,NCR
5500000.0,3.0,5.0,202.5,120.0,Region I
25500000.0,7.0,6.0,350.0,150.0,NCR
35868400.0,4.0,4.0,278.0,240.0,NCR
16500000.0,4.0,4.0,195.0,280.0,NCR
8000000.0,3.0,4.0,344.0,1058.0,Region III
6300000.0,3.0,2.0,100.0,79.0,NCR
18000000.0,3.0,4.0,220.0,288.0,NCR
23000000.0,4.0,3.0,200.0,221.0,NCR
5002500.0,2.0,2.0,81.0,60.0,Region IV-A
8455880.0,4.0,2.0,167.0,154.0,Region IV-A
60000000.0,4.0,5.0,627.0,306.0,NCR
1970000.0,1.0,1.0,46.0,77.0,Region IV-A
18000000.0,3.0,3.0,300.0,450.0,NCR
15000000.0,4.0,3.0,170.0,127.0,Region IV-A
17000000.0,3.0,4.0,800.0,290.0,Region IV-A
1350000.0,1.0,1.0,48.0,80.0,Region IV-A
6142000.0,3.0,2.0,66.0,88.0,Region V
2666000.0,3.0,2.0,60.0,50.0,Region IV-A
8000000.0,3.0,2.0,81.0,120.0,Region IV-A
15000000.0,4.0,3.0,258.0,180.0,Region IV-A
16000000.0,5.0,4.0,167.0,152.0,Region XI
213000000.0,5.0,5.0,800.0,660.0,NCR
869000.0,1.0,1.0,32.0,62.0,Region III
22000000.0,6.0,5.0,400.0,394.0,Region VII
6270000.0,3.0,2.0,77.0,140.0,Region IV-A
5781000.0,3.0,3.0,108.0,117.0,Region IV-A
1300000.0,1.0,1.0,48.0,70.0,Region III
7257800.0,3.0,2.0,93.0,155.0,Region IV-A
15800000.0,4.0,3.0,175.0,115.25,NCR
2959000.0,2.0,1.0,46.0,44.0,Region VI
1969000.0,1.0,1.0,22.0,44.0,Region VI
13000000.0,3.0,2.0,172.0,150.0,Region VII
6500000.0,5.0,3.0,300.0,380.0,NCR
15000000.0,4.0,4.0,220.0,111.0,NCR
1227000.0,2.0,1.0,39.0,107.0,Region III
6560400.0,3.0,2.0,99.27,60.7,Region IV-A
19500000.0,4.0,4.0,330.0,550.0,Region XI
4340000.0,2.0,1.0,46.0,66.0,Region V
26500000.0,5.0,5.0,350.0,150.0,Region IV-A
16000000.0,4.0,4.0,202.0,180.0,Region XI
1600000.0,2.0,1.0,47.0,54.0,Region IV-A
2068000.0,2.0,1.0,44.5,58.5,NCR
8231063.0,4.0,3.0,98.0,131.0,Region IV-A
18000000.0,5.0,4.0,304.0,200.0,Region I
13000000.0,3.0,3.0,140.0,240.0,NCR
13000000.0,4.0,3.0,144.0,120.0,Region IV-A
15000000.0,5.0,4.0,240.0,122.0,NCR
50000000.0,4.0,5.0,495.0,521.0,Region IV-A
6546210.0,4.0,2.0,116.4,176.0,Region IV-A
26500000.0,5.0,5.0,350.0,150.0,Region IV-A
900000000.0,5.0,5.0,1080.0,2571.0,NCR
17800000.0,3.0,2.0,280.0,280.0,NCR
25000000.0,6.0,6.0,380.0,150.0,NCR
9488617.0,3.0,3.0,121.0,100.0,NCR
2110795.0,3.0,2.0,64.26,50.0,Region IV-A
65000000.0,5.0,5.0,488.0,167.0,Region I
9200000.0,4.0,3.0,118.7,66.0,NCR
5480000.0,3.0,2.0,94.38,60.0,NCR
3200000.0,3.0,2.0,110.0,150.0,Region IV-A
5324500.0,2.0,2.0,88.0,60.0,Region IV-A
208000000.0,5.0,6.0,642.0,288.0,NCR
78000000.0,4.0,4.0,300.0,705.0,NCR
68000000.0,7.0,7.0,884.0,523.0,Region IV-A
17990000.0,3.0,2.0,220.0,150.0,Region IV-A
2500000000.0,5.0,7.0,2100.0,1525.0,NCR
9000000.0,4.0,5.0,156.0,150.0,Region VII
2484027.0,1.0,1.0,26.0,84.0,Region IV-A
6500000.0,3.0,4.0,184.0,130.0,Region VII
6500000.0,3.0,2.0,81.0,88.81,NCR
6950000.0,3.0,3.0,96.0,60.0,NCR
63500000.0,7.0,7.0,700.0,460.0,NCR
15000000.0,4.0,3.0,210.0,111.0,NCR
3812480.0,2.0,2.0,52.0,96.0,Region III
45000000.0,4.0,4.0,350.0,280.0,NCR
2300000.0,3.0,1.0,48.0,52.0,Region IV-A
20000000.0,3.0,4.0,280.0,408.0,Region XIV
19900000.0,3.0,4.0,240.0,246.0,Region III
9000000.0,5.0,3.0,280.0,279.0,Region IV-A
3500000.0,3.0,2.0,57.44,80.0,Region IV-A
6503750.0,3.0,3.0,130.72,60.0,Region IV-A
3700000.0,4.0,2.0,85.0,74.0,Region IV-A
6800000.0,4.0,3.0,187.17,137.0,Region IV-A
2600000.0,3.0,2.0,54.7,50.0,Region IV-A
6600000.0,4.0,2.0,140.0,70.0,NCR
5000000.0,3.0,2.0,150.0,81.0,Region I
1700000.0,3.0,2.0,52.5,116.0,Region X
3200000.0,1.0,1.0,124.0,124.0,Region VII
3100000.0,1.0,1.0,83.0,91.0,Region VI
15000000.0,3.0,3.0,160.0,120.0,Region IV-A
2100000.0,3.0,1.0,70.0,118.0,Region III
1788000.0,2.0,1.0,44.0,107.0,Region III
14900000.0,5.0,7.0,350.0,264.0,Region IV-A
1815200.0,2.0,1.0,38.0,84.0,Region IV-A
3697532.0,2.0,1.0,42.4,72.0,Region IV-A
4150000.0,3.0,2.0,78.3,50.0,Region IV-A
3200000.0,3.0,3.0,94.0,50.0,Region IV-A
32500000.0,5.0,4.0,370.0,280.0,NCR
50000000.0,4.0,4.0,475.0,338.0,NCR
13000000.0,3.0,3.0,180.0,60.0,NCR
12800000.0,4.0,4.0,128.0,150.0,Region III
14000000.0,3.0,3.0,240.0,152.0,Region IV-A
3500000.0,2.0,2.0,67.0,80.0,Region IV-A
10900000.0,3.0,1.0,140.0,80.0,NCR
35000000.0,4.0,4.0,301.0,491.0,Region IV-A
8500000.0,3.0,3.0,120.0,108.0,Region IV-A
4700000.0,4.0,4.0,120.0,60.0,Region IV-A
15500000.0,4.0,3.0,260.0,200.0,NCR
3000000.0,2.0,1.0,36.0,120.0,Region XI
39000000.0,7.0,4.0,300.0,345.0,Region IV-A
4438000.0,3.0,2.0,72.0,80.0,NCR
1690000.0,3.0,1.0,45.0,36.0,Region IV-A
7000000.0,3.0,3.0,110.0,73.0,NCR
9000000.0,4.0,2.0,160.0,111.0,Region IV-A
24000000.0,3.0,3.0,290.0,204.0,NCR
4433750.0,2.0,2.0,106.0,138.0,Region IV-A
2750000.0,2.0,1.0,43.0,45.0,Region IV-A
7000000.0,3.0,4.0,226.0,240.0,Region VI
3400000.0,2.0,1.0,80.0,57.5,Region IV-A
4000000.0,3.0,2.0,80.0,48.0,Region IV-A
22600000.0,4.0,4.0,265.69,68.0,NCR
16000000.0,3.0,3.0,175.0,67.0,NCR
8530000.0,3.0,2.0,132.0,90.0,NCR
7494000.0,3.0,2.0,66.0,121.0,Region IV-A
4500505.0,3.0,2.0,54.0,96.0,Region IV-A
5200000.0,6.0,6.0,192.72,157.0,Region IV-A
8365000.0,5.0,3.0,150.0,150.0,Region IV-A
1700000.0,3.0,1.0,40.0,70.0,Region III
3000000.0,1.0,1.0,90.0,119.0,Region I
36000000.0,5.0,4.0,250.0,204.0,NCR
15900000.0,5.0,3.0,300.0,162.0,Region XI
4500000.0,4.0,2.0,81.0,100.0,Region IV-A
8000000.0,4.0,3.0,240.0,212.0,Region I
5500000.0,3.0,3.0,112.0,100.0,Region I
6800000.0,4.0,4.0,208.78,281.0,Region IV-A
6643000.0,9.0,5.0,438.0,480.0,Region IV-A
1860000.0,1.0,1.0,48.0,159.0,Region IV-A
2177000.0,2.0,1.0,36.0,100.0,Region III
5800000.0,7.0,5.0,151.0,150.0,Region IV-A
2400000.0,4.0,2.0,62.22,60.0,Region IV-A
2662000.0,3.0,2.0,38.0,121.0,Region XI
34000000.0,4.0,3.0,350.0,192.0,Region IV-A
28000000.0,4.0,3.0,272.0,221.0,Region III
5000000.0,2.0,1.0,69.0,35.0,NCR
1400000.0,1.0,1.0,46.0,91.0,Region VI
10980000.0,3.0,3.0,110.0,120.0,Region IV-A
15500000.0,5.0,3.0,180.0,120.0,NCR
22000000.0,4.0,4.0,400.0,600.0,Region IV-A
220000000.0,11.0,12.0,2200.0,1399.0,Region III
13000000.0,4.0,5.0,300.0,400.0,Region IV-A
2500000.0,2.0,1.0,50.0,64.0,Region IV-A
18500000.0,5.0,5.0,240.0,210.0,NCR
22749290.0,4.0,4.0,119.27,75.0,NCR
24372955.0,4.0,3.0,166.0,75.0,NCR
8000000.0,6.0,7.0,239.0,269.0,Region IV-A
6050000.0,4.0,3.0,90.56,180.0,Region XI
17000000.0,4.0,4.0,230.0,150.0,Region IV-A
2500000.0,3.0,2.0,66.0,100.0,Region IV-A
16500000.0,4.0,3.0,182.0,127.0,NCR
7258203.0,3.0,2.0,161.0,60.0,Region VII
65000000.0,8.0,7.0,670.0,555.0,Region IV-A
52000000.0,3.0,3.0,380.0,162.3,Region I
13000000.0,4.0,3.0,230.0,150.0,Region IV-A
16000000.0,5.0,2.0,180.0,540.0,Region IV-A
4500000.0,3.0,2.0,90.0,55.0,Region IV-A
45000000.0,4.0,3.0,370.0,200.0,NCR
78000000.0,5.0,5.0,822.0,556.0,Region IV-A
5500000.0,2.0,4.0,112.0,120.0,Region VII
